word,level
absorb,B2
abstract,B2
accent,B2
accidentally,B2
accommodate,B2
accomplish,B2
accountant,B2
accuracy,B2
accurately,B2
acid,B2
activate,B2
addiction,B2
additionally,B2
adequate,B2
adequately,B2
adjust,B2
affordable,B2
agriculture,B2
AIDS,B2
alien,B2
alongside,B2
altogether,B2
ambulance,B2
amusing,B2
analyst,B2
ancestor,B2
animation,B2
annually,B2
anticipate,B2
anxiety,B2
apology,B2
applicant,B2
appropriately,B2
arrow,B2
artwork,B2
aside,B2
asset,B2
assign,B2
assistance,B2
assumption,B2
assure,B2
astonishing,B2
attachment,B2
auction,B2
audio,B2
automatic,B2
automatically,B2
awareness,B2
awkward,B2
badge,B2
balanced,B2
ballet,B2
balloon,B2
barely,B2
bargain,B2
basement,B2
basket,B2
bat,B2
beneficial,B2
beside,B2
besides,B2
bias,B2
bid,B2
biological,B2
blanket,B2
blow,B2
bold,B2
bombing,B2
booking,B2
boost,B2
bound,B2
brick,B2
briefly,B2
broadcaster,B2
broadly,B2
bug,B2
cabin,B2
canal,B2
candle,B2
carbon,B2
casual,B2
cave,B2
certainty,B2
certificate,B2
challenging,B2
championship,B2
charming,B2
chase,B2
cheek,B2
cheer,B2
choir,B2
chop,B2
circuit,B2
civilization,B2
clarify,B2
classify,B2
clerk,B2
cliff,B2
clinic,B2
clip,B2
coincidence,B2
collector,B2
colony,B2
colourful,B2
comic,B2
commander,B2
comparative,B2
completion,B2
compose,B2
composer,B2
compound,B2
comprehensive,B2
comprise,B2
compulsory,B2
concrete,B2
confess,B2
confusion,B2
consequently,B2
conservation,B2
considerable,B2
considerably,B2
consistently,B2
conspiracy,B2
consult,B2
consultant,B2
consumption,B2
controversial,B2
controversy,B2
convenience,B2
convention,B2
conventional,B2
convey,B2
convincing,B2
cope,B2
corporation,B2
corridor,B2
counter,B2
coverage,B2
crack,B2
craft,B2
creativity,B2
critically,B2
cruise,B2
cue,B2
curious,B2
curriculum,B2
cute,B2
dairy,B2
dare,B2
darkness,B2
database,B2
deadline,B2
deadly,B2
dealer,B2
deck,B2
defender,B2
delete,B2
democracy,B2
democratic,B2
demonstration,B2
depart,B2
dependent,B2
deposit,B2
depression,B2
derive,B2
desperately,B2
destruction,B2
determination,B2
devote,B2
differ,B2
disability,B2
disabled,B2
disagreement,B2
disappoint,B2
disappointment,B2
discourage,B2
disorder,B2
distant,B2
distinct,B2
distinguish,B2
distract,B2
disturb,B2
dive,B2
diverse,B2
diversity,B2
divorce,B2
dominant,B2
donation,B2
dot,B2
downtown,B2
dramatically,B2
drought,B2
dull,B2
dump,B2
duration,B2
dynamic,B2
economics,B2
economist,B2
editorial,B2
efficiently,B2
elbow,B2
electronics,B2
elegant,B2
elementary,B2
eliminate,B2
embrace,B2
emission,B2
emotionally,B2
empire,B2
enjoyable,B2
entertaining,B2
entrepreneur,B2
envelope,B2
equip,B2
equivalent,B2
era,B2
erupt,B2
essentially,B2
ethic,B2
ethnic,B2
evaluation,B2
evident,B2
evolution,B2
evolve,B2
exceed,B2
exception,B2
excessive,B2
exclude,B2
exhibit,B2
exit,B2
exotic,B2
expansion,B2
expertise,B2
exploit,B2
exposure,B2
extension,B2
extensive,B2
extensively,B2
extract,B2
fabric,B2
fabulous,B2
failed,B2
fake,B2
fame,B2
fantasy,B2
fare,B2
federal,B2
fever,B2
firefighter,B2
firework,B2
firm,B2
firmly,B2
flavour,B2
fond,B2
fool,B2
forbid,B2
forecast,B2
format,B2
formation,B2
formerly,B2
fortunate,B2
forum,B2
fossil,B2
foundation,B2
founder,B2
fraction,B2
fragment,B2
framework,B2
fraud,B2
freely,B2
frequent,B2
fulfil,B2
full-time,B2
fundamentally,B2
furious,B2
gaming,B2
gay,B2
gender,B2
gene,B2
genetic,B2
genius,B2
genuine,B2
genuinely,B2
gesture,B2
gig,B2
globalization,B2
globe,B2
golden,B2
goodness,B2
gorgeous,B2
governor,B2
graphic,B2
graphics,B2
greatly,B2
greenhouse,B2
grocery,B2
guideline,B2
habitat,B2
harbour,B2
headquarters,B2
heal,B2
healthcare,B2
helmet,B2
hence,B2
herb,B2
hidden,B2
highway,B2
hilarious,B2
hip,B2
historian,B2
homeless,B2
honesty,B2
hook,B2
hopefully,B2
hunger,B2
hypothesis,B2
icon,B2
ID,B2
identical,B2
illusion,B2
immigration,B2
immune,B2
implement,B2
implication,B2
incentive,B2
incorporate,B2
incorrect,B2
independence,B2
index,B2
indication,B2
inevitable,B2
inevitably,B2
infer,B2
inflation,B2
info,B2
infrastructure,B2
inhabitant,B2
inherit,B2
ink,B2
innovation,B2
innovative,B2
input,B2
insert,B2
inspector,B2
installation,B2
instant,B2
instantly,B2
integrate,B2
intellectual,B2
interact,B2
interaction,B2
interpretation,B2
interval,B2
invade,B2
invasion,B2
investor,B2
isolate,B2
isolated,B2
jail,B2
jet,B2
joint,B2
journalism,B2
jury,B2
kit,B2
ladder,B2
landing,B2
lane,B2
lately,B2
leaflet,B2
legend,B2
lens,B2
lifetime,B2
lighting,B2
likewise,B2
limitation,B2
literally,B2
literary,B2
litre,B2
litter,B2
logo,B2
lottery,B2
loyal,B2
lyric,B2
magnificent,B2
make-up,B2
making,B2
manufacture,B2
manufacturing,B2
marathon,B2
margin,B2
marker,B2
martial,B2
mate,B2
mayor,B2
mechanic,B2
mechanical,B2
mechanism,B2
medal,B2
medication,B2
membership,B2
memorable,B2
metaphor,B2
miner,B2
miserable,B2
mode,B2
modest,B2
monster,B2
monthly,B2
monument,B2
moreover,B2
mortgage,B2
mosque,B2
motion,B2
motivate,B2
motivation,B2
moving,B2
myth,B2
naked,B2
nasty,B2
navigation,B2
nearby,B2
necessity,B2
negotiate,B2
negotiation,B2
neutral,B2
newly,B2
norm,B2
notebook,B2
novelist,B2
nowadays,B2
nursing,B2
nutrition,B2
obesity,B2
observer,B2
obstacle,B2
occupation,B2
occupy,B2
offender,B2
ongoing,B2
openly,B2
opera,B2
operator,B2
optimistic,B2
orchestra,B2
organic,B2
outfit,B2
output,B2
outstanding,B2
overcome,B2
overnight,B2
overseas,B2
ownership,B2
oxygen,B2
packet,B2
palm,B2
panic,B2
parade,B2
parallel,B2
participation,B2
partnership,B2
part-time,B2
passionate,B2
password,B2
patience,B2
pause,B2
peer,B2
penalty,B2
perceive,B2
perception,B2
permanently,B2
pill,B2
pity,B2
placement,B2
portion,B2
potentially,B2
precede,B2
precious,B2
precise,B2
precisely,B2
predictable,B2
preference,B2
pride,B2
primarily,B2
principal,B2
prior,B2
probability,B2
probable,B2
proceed,B2
programming,B2
progressive,B2
prohibit,B2
promising,B2
promotion,B2
prompt,B2
proportion,B2
protein,B2
protester,B2
psychological,B2
publicity,B2
publishing,B2
punk,B2
purely,B2
pursuit,B2
puzzle,B2
questionnaire,B2
racial,B2
racism,B2
racist,B2
radiation,B2
rail,B2
random,B2
rat,B2
rating,B2
reasonably,B2
rebuild,B2
receiver,B2
recession,B2
reckon,B2
recognition,B2
recovery,B2
recruit,B2
recruitment,B2
referee,B2
refugee,B2
registration,B2
regulate,B2
reinforce,B2
relieve,B2
relieved,B2
remarkable,B2
remarkably,B2
reporting,B2
resign,B2
resolution,B2
restore,B2
restrict,B2
restriction,B2
retail,B2
retirement,B2
revenue,B2
revision,B2
ridiculous,B2
risky,B2
rival,B2
rob,B2
robbery,B2
rocket,B2
romance,B2
rose,B2
roughly,B2
ruin,B2
satisfaction,B2
scandal,B2
scare,B2
scenario,B2
scholar,B2
scholarship,B2
scratch,B2
screening,B2
seeker,B2
seminar,B2
settler,B2
severely,B2
sexy,B2
shaped,B2
shocking,B2
shore,B2
shortage,B2
shortly,B2
short-term,B2
sibling,B2
signature,B2
significance,B2
skilled,B2
skull,B2
slogan,B2
so-called,B2
somehow,B2
sometime,B2
sophisticated,B2
spare,B2
specialize,B2
specify,B2
spectacular,B2
spectator,B2
speculate,B2
speculation,B2
spice,B2
spill,B2
spite,B2
spoil,B2
spokesman,B2
spokesperson,B2
spokeswoman,B2
sponsorship,B2
sporting,B2
stall,B2
stance,B2
starve,B2
steadily,B2
steam,B2
stimulate,B2
strengthen,B2
strictly,B2
stroke,B2
stunning,B2
subsequent,B2
subsequently,B2
suburb,B2
suffering,B2
sufficient,B2
sufficiently,B2
super,B2
surgeon,B2
survival,B2
survivor,B2
suspend,B2
sustainable,B2
swallow,B2
sympathetic,B2
tackle,B2
tag,B2
tap,B2
technological,B2
teens,B2
temple,B2
temporarily,B2
tendency,B2
tension,B2
terminal,B2
terms,B2
terribly,B2
terrify,B2
territory,B2
terror,B2
terrorism,B2
terrorist,B2
testing,B2
textbook,B2
theft,B2
therapist,B2
thesis,B2
thorough,B2
thoroughly,B2
thumb,B2
timing,B2
tissue,B2
ton,B2
tonne,B2
tournament,B2
trace,B2
trading,B2
tragedy,B2
tragic,B2
trait,B2
transmit,B2
transportation,B2
trap,B2
treasure,B2
tribe,B2
trigger,B2
trillion,B2
troop,B2
tsunami,B2
ultimate,B2
unacceptable,B2
uncertainty,B2
undergo,B2
undertake,B2
unfold,B2
unfortunate,B2
unite,B2
unity,B2
universal,B2
urgent,B2
usage,B2
useless,B2
valid,B2
variation,B2
vertical,B2
viewpoint,B2
visa,B2
visible,B2
voluntary,B2
voting,B2
wander,B2
warming,B2
weekly,B2
weird,B2
welfare,B2
wheat,B2
whoever,B2
widespread,B2
wisdom,B2
withdraw,B2
workforce,B2
workplace,B2
workshop,B2
worm,B2
wrist,B2
abolish,C1
abortion,C1
absence,C1
absent,C1
absurd,C1
abundance,C1
abuse,C1
academy,C1
accelerate,C1
acceptance,C1
accessible,C1
accomplishment,C1
accordance,C1
accordingly,C1
accountability,C1
accountable,C1
accumulate,C1
accumulation,C1
accusation,C1
accused,C1
acid,C1
acquisition,C1
acre,C1
activation,C1
activist,C1
acute,C1
adaptation,C1
adhere,C1
adjacent,C1
adjustment,C1
administer,C1
administrative,C1
administrator,C1
admission,C1
adolescent,C1
adoption,C1
adverse,C1
advocate,C1
aesthetic,C1
affection,C1
aftermath,C1
aggression,C1
agricultural,C1
aide,C1
albeit,C1
alert,C1
alien,C1
align,C1
alignment,C1
alike,C1
allegation,C1
allege,C1
allegedly,C1
alliance,C1
allocate,C1
allocation,C1
allowance,C1
ally,C1
aluminium,C1
amateur,C1
ambassador,C1
amend,C1
amendment,C1
amid,C1
analogy,C1
anchor,C1
angel,C1
anonymous,C1
apparatus,C1
appealing,C1
appetite,C1
applaud,C1
applicable,C1
appoint,C1
appreciation,C1
arbitrary,C1
architectural,C1
archive,C1
arena,C1
arguably,C1
arm,C1
array,C1
articulate,C1
ash,C1
aspiration,C1
aspire,C1
assassination,C1
assault,C1
assemble,C1
assembly,C1
assert,C1
assertion,C1
assurance,C1
asylum,C1
atrocity,C1
attain,C1
attendance,C1
attorney,C1
attribute,C1
audit,C1
authentic,C1
authorize,C1
auto,C1
autonomy,C1
availability,C1
await,C1
backdrop,C1
backing,C1
backup,C1
bail,C1
ballot,C1
banner,C1
bare,C1
barrel,C1
bass,C1
bat,C1
battlefield,C1
bay,C1
beam,C1
beast,C1
behalf,C1
beloved,C1
bench,C1
benchmark,C1
beneath,C1
beneficiary,C1
betray,C1
bind,C1
biography,C1
bishop,C1
bizarre,C1
blade,C1
blast,C1
bleed,C1
blend,C1
bless,C1
blessing,C1
boast,C1
bonus,C1
boom,C1
bounce,C1
boundary,C1
bow,C1
breach,C1
breakdown,C1
breakthrough,C1
breed,C1
broadband,C1
browser,C1
brutal,C1
buck,C1
buddy,C1
buffer,C1
bulk,C1
burden,C1
bureaucracy,C1
burial,C1
burst,C1
cabinet,C1
calculation,C1
canvas,C1
capability,C1
capitalism,C1
capitalist,C1
cargo,C1
carriage,C1
carve,C1
casino,C1
casualty,C1
catalogue,C1
cater,C1
cattle,C1
caution,C1
cautious,C1
cease,C1
cemetery,C1
chamber,C1
chaos,C1
characterize,C1
charm,C1
charter,C1
chronic,C1
chunk,C1
circulate,C1
circulation,C1
citizenship,C1
civic,C1
civilian,C1
clarity,C1
clash,C1
classification,C1
cling,C1
clinical,C1
closure,C1
cluster,C1
coalition,C1
coastal,C1
cocktail,C1
cognitive,C1
coincide,C1
collaborate,C1
collaboration,C1
collective,C1
collision,C1
colonial,C1
columnist,C1
combat,C1
commence,C1
commentary,C1
commentator,C1
commerce,C1
commissioner,C1
commodity,C1
communist,C1
companion,C1
comparable,C1
compassion,C1
compel,C1
compelling,C1
compensate,C1
compensation,C1
competence,C1
competent,C1
compile,C1
complement,C1
complexity,C1
compliance,C1
complication,C1
comply,C1
composition,C1
compromise,C1
compute,C1
conceal,C1
concede,C1
conceive,C1
conception,C1
concession,C1
condemn,C1
confer,C1
confession,C1
configuration,C1
confine,C1
confirmation,C1
confront,C1
confrontation,C1
congratulate,C1
congregation,C1
congressional,C1
conquer,C1
conscience,C1
consciousness,C1
consecutive,C1
consensus,C1
consent,C1
conserve,C1
consistency,C1
consolidate,C1
constituency,C1
constitute,C1
constitution,C1
constitutional,C1
constraint,C1
consultation,C1
contemplate,C1
contempt,C1
contend,C1
contender,C1
content,C1
contention,C1
continually,C1
contractor,C1
contradiction,C1
contrary,C1
contributor,C1
conversion,C1
convict,C1
conviction,C1
cooperate,C1
cooperative,C1
coordinate,C1
coordination,C1
coordinator,C1
cop,C1
copper,C1
copyright,C1
correction,C1
correlate,C1
correlation,C1
correspond,C1
correspondence,C1
correspondent,C1
corresponding,C1
corrupt,C1
corruption,C1
costly,C1
councillor,C1
counselling,C1
counsellor,C1
counter,C1
counterpart,C1
countless,C1
coup,C1
courtesy,C1
craft,C1
crawl,C1
creator,C1
credibility,C1
credible,C1
creep,C1
critique,C1
crown,C1
crude,C1
crush,C1
crystal,C1
cult,C1
cultivate,C1
curiosity,C1
custody,C1
cutting,C1
cynical,C1
dam,C1
damaging,C1
dawn,C1
debris,C1
debut,C1
decision-making,C1
decisive,C1
declaration,C1
dedicated,C1
dedication,C1
deed,C1
deem,C1
default,C1
defect,C1
defensive,C1
deficiency,C1
deficit,C1
defy,C1
delegate,C1
delegation,C1
delicate,C1
demon,C1
denial,C1
denounce,C1
dense,C1
density,C1
dependence,C1
depict,C1
deploy,C1
deployment,C1
deposit,C1
deprive,C1
deputy,C1
descend,C1
descent,C1
designate,C1
desirable,C1
desktop,C1
destructive,C1
detain,C1
detection,C1
detention,C1
deteriorate,C1
devastate,C1
devil,C1
devise,C1
diagnose,C1
diagnosis,C1
dictate,C1
dictator,C1
differentiate,C1
dignity,C1
dilemma,C1
dimension,C1
diminish,C1
dip,C1
diplomat,C1
diplomatic,C1
directory,C1
disastrous,C1
discard,C1
discharge,C1
disclose,C1
disclosure,C1
discourse,C1
discretion,C1
discrimination,C1
dismissal,C1
displace,C1
disposal,C1
dispose,C1
dispute,C1
disrupt,C1
disruption,C1
dissolve,C1
distinction,C1
distinctive,C1
distort,C1
distress,C1
disturbing,C1
divert,C1
divine,C1
doctrine,C1
documentation,C1
domain,C1
dominance,C1
donor,C1
dose,C1
drain,C1
drift,C1
driving,C1
drown,C1
dual,C1
dub,C1
dumb,C1
duo,C1
dynamic,C1
eager,C1
earnings,C1
ease,C1
echo,C1
ecological,C1
educator,C1
effectiveness,C1
efficiency,C1
ego,C1
elaborate,C1
electoral,C1
elevate,C1
eligible,C1
elite,C1
embark,C1
embarrassment,C1
embassy,C1
embed,C1
embody,C1
emergence,C1
empirical,C1
empower,C1
enact,C1
encompass,C1
encouragement,C1
encouraging,C1
endeavour,C1
endless,C1
endorse,C1
endorsement,C1
endure,C1
enforce,C1
enforcement,C1
engagement,C1
engaging,C1
enquire,C1
enrich,C1
enrol,C1
ensue,C1
enterprise,C1
enthusiast,C1
entitle,C1
entity,C1
epidemic,C1
equality,C1
equation,C1
erect,C1
escalate,C1
essence,C1
establishment,C1
eternal,C1
evacuate,C1
evoke,C1
evolutionary,C1
exaggerate,C1
excellence,C1
exceptional,C1
excess,C1
exclusion,C1
exclusive,C1
exclusively,C1
execute,C1
execution,C1
exert,C1
exile,C1
exit,C1
expenditure,C1
experimental,C1
expire,C1
explicit,C1
explicitly,C1
exploitation,C1
explosive,C1
extract,C1
extremist,C1
facilitate,C1
faction,C1
faculty,C1
fade,C1
fairness,C1
fatal,C1
fate,C1
favourable,C1
feat,C1
feminist,C1
fibre,C1
fierce,C1
film-maker,C1
filter,C1
fine,C1
firearm,C1
fit,C1
fixture,C1
flaw,C1
flawed,C1
flee,C1
fleet,C1
flesh,C1
flexibility,C1
flourish,C1
fluid,C1
footage,C1
foreigner,C1
forge,C1
formula,C1
formulate,C1
forth,C1
forthcoming,C1
foster,C1
fragile,C1
franchise,C1
frankly,C1
frustrated,C1
frustrating,C1
frustration,C1
functional,C1
fundraising,C1
funeral,C1
gallon,C1
gambling,C1
gathering,C1
gaze,C1
gear,C1
generic,C1
genocide,C1
glance,C1
glimpse,C1
glorious,C1
glory,C1
governance,C1
grace,C1
grasp,C1
grave,C1
gravity,C1
grid,C1
grief,C1
grin,C1
grind,C1
grip,C1
gross,C1
guerrilla,C1
guidance,C1
guilt,C1
gut,C1
hail,C1
halfway,C1
halt,C1
handful,C1
handling,C1
handy,C1
harassment,C1
hardware,C1
harmony,C1
harsh,C1
harvest,C1
hatred,C1
haunt,C1
hazard,C1
heighten,C1
heritage,C1
hierarchy,C1
high-profile,C1
hint,C1
homeland,C1
hook,C1
hopeful,C1
horizon,C1
horn,C1
hostage,C1
hostile,C1
hostility,C1
humanitarian,C1
humanity,C1
humble,C1
hydrogen,C1
identification,C1
ideological,C1
ideology,C1
idiot,C1
ignorance,C1
imagery,C1
immense,C1
imminent,C1
implementation,C1
imprison,C1
imprisonment,C1
inability,C1
inadequate,C1
inappropriate,C1
incidence,C1
inclined,C1
inclusion,C1
incur,C1
indicator,C1
indictment,C1
indigenous,C1
induce,C1
indulge,C1
inequality,C1
infamous,C1
infant,C1
infect,C1
inflict,C1
influential,C1
inherent,C1
inhibit,C1
initiate,C1
inject,C1
injection,C1
injustice,C1
inmate,C1
insertion,C1
insider,C1
inspect,C1
inspection,C1
inspiration,C1
instinct,C1
institutional,C1
instruct,C1
instrumental,C1
insufficient,C1
insult,C1
intact,C1
intake,C1
integral,C1
integrated,C1
integration,C1
integrity,C1
intellectual,C1
intensify,C1
intensity,C1
intensive,C1
intent,C1
interactive,C1
interface,C1
interfere,C1
interference,C1
interim,C1
interior,C1
intermediate,C1
intervene,C1
intervention,C1
intimate,C1
intriguing,C1
investigator,C1
invisible,C1
invoke,C1
involvement,C1
ironic,C1
ironically,C1
irony,C1
irrelevant,C1
isolation,C1
judicial,C1
junction,C1
jurisdiction,C1
just,C1
justification,C1
kidnap,C1
kidney,C1
kingdom,C1
lad,C1
landlord,C1
landmark,C1
lap,C1
large-scale,C1
laser,C1
latter,C1
lawn,C1
lawsuit,C1
layout,C1
leak,C1
leap,C1
legacy,C1
legendary,C1
legislation,C1
legislative,C1
legislature,C1
legitimate,C1
lengthy,C1
lesbian,C1
lesser,C1
lethal,C1
liable,C1
liberal,C1
liberation,C1
liberty,C1
license,C1
lifelong,C1
likelihood,C1
limb,C1
linear,C1
line-up,C1
linger,C1
listing,C1
literacy,C1
liver,C1
lobby,C1
log,C1
logic,C1
long-standing,C1
long-time,C1
loom,C1
loop,C1
loyalty,C1
machinery,C1
magical,C1
magistrate,C1
magnetic,C1
magnitude,C1
mainland,C1
mainstream,C1
maintenance,C1
mandate,C1
mandatory,C1
manifest,C1
manipulate,C1
manipulation,C1
manuscript,C1
march,C1
marginal,C1
marine,C1
marketplace,C1
mask,C1
massacre,C1
mathematical,C1
mature,C1
maximize,C1
meaningful,C1
meantime,C1
medieval,C1
meditation,C1
melody,C1
memo,C1
memoir,C1
memorial,C1
mentor,C1
merchant,C1
mercy,C1
mere,C1
merely,C1
merge,C1
merger,C1
merit,C1
methodology,C1
midst,C1
migration,C1
militant,C1
militia,C1
mill,C1
minimal,C1
minimize,C1
mining,C1
ministry,C1
minute,C1
miracle,C1
misery,C1
misleading,C1
missile,C1
mob,C1
mobility,C1
mobilize,C1
moderate,C1
modification,C1
momentum,C1
monk,C1
monopoly,C1
morality,C1
motive,C1
motorist,C1
municipal,C1
mutual,C1
namely,C1
nationwide,C1
naval,C1
neglect,C1
neighbouring,C1
nest,C1
net,C1
newsletter,C1
niche,C1
noble,C1
nod,C1
nominate,C1
nomination,C1
nominee,C1
nonetheless,C1
non-profit,C1
nonsense,C1
noon,C1
notable,C1
notably,C1
notify,C1
notorious,C1
novel,C1
nursery,C1
objection,C1
oblige,C1
obsess,C1
obsession,C1
occasional,C1
occurrence,C1
odds,C1
offering,C1
offspring,C1
operational,C1
opt,C1
optical,C1
optimism,C1
oral,C1
organizational,C1
orientation,C1
originate,C1
outbreak,C1
outing,C1
outlet,C1
outlook,C1
outrage,C1
outsider,C1
overlook,C1
overly,C1
oversee,C1
overturn,C1
overwhelm,C1
overwhelming,C1
pad,C1
parameter,C1
parental,C1
parish,C1
parliamentary,C1
partial,C1
partially,C1
passing,C1
passive,C1
pastor,C1
patch,C1
patent,C1
pathway,C1
patrol,C1
patron,C1
peak,C1
peasant,C1
peculiar,C1
persist,C1
persistent,C1
personnel,C1
petition,C1
philosopher,C1
philosophical,C1
physician,C1
pioneer,C1
pipeline,C1
pirate,C1
pit,C1
plea,C1
plead,C1
pledge,C1
plug,C1
plunge,C1
pole,C1
poll,C1
pond,C1
pop,C1
portfolio,C1
portray,C1
postpone,C1
post-war,C1
practitioner,C1
preach,C1
precedent,C1
precision,C1
predator,C1
predecessor,C1
predominantly,C1
pregnancy,C1
prejudice,C1
preliminary,C1
premier,C1
premise,C1
premium,C1
prescribe,C1
prescription,C1
presently,C1
preservation,C1
preside,C1
presidency,C1
presidential,C1
prestigious,C1
presumably,C1
presume,C1
prevail,C1
prevalence,C1
prevention,C1
prey,C1
principal,C1
privatization,C1
privilege,C1
probe,C1
problematic,C1
proceedings,C1
proceeds,C1
processing,C1
processor,C1
proclaim,C1
productive,C1
productivity,C1
profitable,C1
profound,C1
projection,C1
prominent,C1
pronounced,C1
propaganda,C1
proposition,C1
prosecute,C1
prosecution,C1
prosecutor,C1
prospective,C1
prosperity,C1
protective,C1
protocol,C1
province,C1
provincial,C1
provision,C1
provoke,C1
psychiatric,C1
pulse,C1
pump,C1
punch,C1
query,C1
quest,C1
quota,C1
radar,C1
radical,C1
rage,C1
raid,C1
rally,C1
ranking,C1
rape,C1
ratio,C1
rational,C1
ray,C1
readily,C1
realization,C1
realm,C1
rear,C1
reasoning,C1
reassure,C1
rebel,C1
rebellion,C1
recipient,C1
reconstruction,C1
recount,C1
referendum,C1
reflection,C1
reform,C1
refuge,C1
refusal,C1
regain,C1
regardless,C1
regime,C1
regulator,C1
regulatory,C1
rehabilitation,C1
reign,C1
rejection,C1
relevance,C1
reliability,C1
reluctant,C1
remainder,C1
remains,C1
remedy,C1
reminder,C1
removal,C1
render,C1
renew,C1
renowned,C1
rental,C1
replacement,C1
reportedly,C1
representation,C1
reproduce,C1
reproduction,C1
republic,C1
resemble,C1
reside,C1
residence,C1
residential,C1
residue,C1
resignation,C1
resistance,C1
respective,C1
respectively,C1
restoration,C1
restraint,C1
resume,C1
retreat,C1
retrieve,C1
revelation,C1
revenge,C1
reverse,C1
revival,C1
revive,C1
revolutionary,C1
rhetoric,C1
rifle,C1
riot,C1
rip,C1
ritual,C1
robust,C1
rock,C1
rod,C1
rotate,C1
rotation,C1
ruling,C1
rumour,C1
sack,C1
sacred,C1
sacrifice,C1
saint,C1
sake,C1
sanction,C1
say,C1
scattered,C1
sceptical,C1
scope,C1
screw,C1
scrutiny,C1
seal,C1
secular,C1
seemingly,C1
segment,C1
seize,C1
seldom,C1
selective,C1
senator,C1
sensation,C1
sensitivity,C1
sentiment,C1
separation,C1
serial,C1
settlement,C1
set-up,C1
sexuality,C1
shareholder,C1
shatter,C1
shed,C1
sheer,C1
shipping,C1
shoot,C1
shrink,C1
shrug,C1
sigh,C1
simulate,C1
simulation,C1
simultaneously,C1
sin,C1
situated,C1
sketch,C1
skip,C1
slam,C1
slap,C1
slash,C1
slavery,C1
slot,C1
smash,C1
snap,C1
soak,C1
soar,C1
socialist,C1
sole,C1
solely,C1
solicitor,C1
solidarity,C1
solo,C1
sound,C1
sovereignty,C1
spam,C1
span,C1
spare,C1
spark,C1
specialized,C1
specification,C1
specimen,C1
spectacle,C1
spectrum,C1
spell,C1
sphere,C1
spin,C1
spine,C1
spotlight,C1
spouse,C1
spy,C1
squad,C1
squeeze,C1
stab,C1
stability,C1
stabilize,C1
stake,C1
standing,C1
stark,C1
statistical,C1
steer,C1
stem,C1
stereotype,C1
stimulus,C1
stir,C1
storage,C1
straightforward,C1
strain,C1
strand,C1
strategic,C1
striking,C1
strip,C1
strive,C1
structural,C1
stumble,C1
stun,C1
submission,C1
subscriber,C1
subscription,C1
subsidy,C1
substantial,C1
substantially,C1
substitute,C1
substitution,C1
subtle,C1
suburban,C1
succession,C1
successive,C1
successor,C1
suck,C1
sue,C1
suicide,C1
suite,C1
summit,C1
superb,C1
superior,C1
supervise,C1
supervision,C1
supervisor,C1
supplement,C1
supportive,C1
supposedly,C1
suppress,C1
supreme,C1
surge,C1
surgical,C1
surplus,C1
surrender,C1
surveillance,C1
suspension,C1
suspicion,C1
suspicious,C1
sustain,C1
swing,C1
sword,C1
symbolic,C1
syndrome,C1
synthesis,C1
systematic,C1
tackle,C1
tactic,C1
tactical,C1
taxpayer,C1
tempt,C1
tenant,C1
tender,C1
tenure,C1
terminal,C1
terminate,C1
terrain,C1
terrific,C1
testify,C1
testimony,C1
texture,C1
thankfully,C1
theatrical,C1
theology,C1
theoretical,C1
thereafter,C1
thereby,C1
thoughtful,C1
thought-provoking,C1
thread,C1
threshold,C1
thrilled,C1
thrive,C1
tide,C1
tighten,C1
timber,C1
timely,C1
tobacco,C1
tolerance,C1
tolerate,C1
toll,C1
top,C1
torture,C1
toss,C1
total,C1
toxic,C1
trace,C1
trademark,C1
trail,C1
trailer,C1
transaction,C1
transcript,C1
transformation,C1
transit,C1
transmission,C1
transparency,C1
transparent,C1
trauma,C1
treaty,C1
tremendous,C1
tribal,C1
tribunal,C1
tribute,C1
trigger,C1
trio,C1
triumph,C1
trophy,C1
troubled,C1
trustee,C1
tuition,C1
turnout,C1
turnover,C1
twist,C1
undergraduate,C1
underlying,C1
undermine,C1
undoubtedly,C1
unify,C1
unprecedented,C1
unveil,C1
upcoming,C1
upgrade,C1
uphold,C1
utility,C1
utilize,C1
utterly,C1
vacuum,C1
vague,C1
validity,C1
vanish,C1
variable,C1
varied,C1
vein,C1
venture,C1
verbal,C1
verdict,C1
verify,C1
verse,C1
versus,C1
vessel,C1
veteran,C1
viable,C1
vibrant,C1
vice,C1
vicious,C1
villager,C1
violate,C1
violation,C1
virtue,C1
vocal,C1
vow,C1
vulnerability,C1
vulnerable,C1
ward,C1
warehouse,C1
warfare,C1
warrant,C1
warrior,C1
weaken,C1
weave,C1
weed,C1
well,C1
well-being,C1
whatsoever,C1
whereby,C1
whilst,C1
whip,C1
wholly,C1
widen,C1
widow,C1
width,C1
willingness,C1
wipe,C1
wit,C1
withdrawal,C1
workout,C1
worship,C1
worthwhile,C1
worthy,C1
yell,C1
yield,C1
youngster,C1